batch_size,repeats,mean_batch_ms,median_batch_ms,p95_batch_ms,mean_per_window_ms,median_per_window_ms,windows_per_second_mean
1,100,102.67721000360325,100.39949987549335,123.94548497395589,102.67721000360325,100.39949987549335,9.739259568553791
10,100,105.54522599559277,101.10730002634227,139.0551549498923,10.554522599559277,10.110730002634227,94.74611386418907
50,100,100.92011702014133,100.9990000165999,120.267930009868,2.018402340402827,2.019980000331998,495.4413597243565
100,100,104.28105999249965,99.9768499750644,132.21846487140283,1.0428105999249966,0.999768499750644,958.946907589858
2138,20,134.84200498787686,128.58725001569837,172.542805026751,0.06306922590639703,0.06014370908124339,15855.593367899119
